-- phpMyAdmin SQL Dump
-- version 5.2.1
-- https://www.phpmyadmin.net/
--
-- Hôte : 127.0.0.1:3306
-- Généré le : dim. 27 oct. 2024 à 13:43
-- Version du serveur : 8.3.0
-- Version de PHP : 8.2.18

SET SQL_MODE = "NO_AUTO_VALUE_ON_ZERO";
START TRANSACTION;
SET time_zone = "+00:00";


/*!40101 SET @OLD_CHARACTER_SET_CLIENT=@@CHARACTER_SET_CLIENT */;
/*!40101 SET @OLD_CHARACTER_SET_RESULTS=@@CHARACTER_SET_RESULTS */;
/*!40101 SET @OLD_COLLATION_CONNECTION=@@COLLATION_CONNECTION */;
/*!40101 SET NAMES utf8mb4 */;

--
-- Base de données : `tifosi`
--

-- --------------------------------------------------------

--
-- Structure de la table `achete`
--

DROP TABLE IF EXISTS `achete`;
CREATE TABLE IF NOT EXISTS `achete` (
  `id_client` int NOT NULL,
  `id_focaccia` int NOT NULL,
  `jour` date DEFAULT NULL,
  PRIMARY KEY (`id_client`,`id_focaccia`),
  KEY `id_focaccia` (`id_focaccia`)
) ENGINE=InnoDB DEFAULT CHARSET=utf8mb4 COLLATE=utf8mb4_0900_ai_ci;

-- --------------------------------------------------------

--
-- Structure de la table `appartient`
--

DROP TABLE IF EXISTS `appartient`;
CREATE TABLE IF NOT EXISTS `appartient` (
  `id_boisson` int NOT NULL,
  `id_marque` int NOT NULL,
  PRIMARY KEY (`id_boisson`,`id_marque`),
  KEY `id_marque` (`id_marque`)
) ENGINE=InnoDB DEFAULT CHARSET=utf8mb4 COLLATE=utf8mb4_0900_ai_ci;

--
-- Déchargement des données de la table `appartient`
--

INSERT INTO `appartient` (`id_boisson`, `id_marque`) VALUES
(1, 1),
(2, 1),
(3, 1),
(4, 1),
(5, 1),
(12, 2),
(10, 3),
(11, 3),
(6, 4),
(7, 4),
(8, 4),
(9, 4);

-- --------------------------------------------------------

--
-- Structure de la table `boisson`
--

DROP TABLE IF EXISTS `boisson`;
CREATE TABLE IF NOT EXISTS `boisson` (
  `id_boisson` int NOT NULL AUTO_INCREMENT,
  `nom_boisson` varchar(45) DEFAULT NULL,
  PRIMARY KEY (`id_boisson`)
) ENGINE=InnoDB AUTO_INCREMENT=13 DEFAULT CHARSET=utf8mb4 COLLATE=utf8mb4_0900_ai_ci;

--
-- Déchargement des données de la table `boisson`
--

INSERT INTO `boisson` (`id_boisson`, `nom_boisson`) VALUES
(1, 'Coca-cola zéro'),
(2, 'Coca-cola original'),
(3, 'Fanta citron'),
(4, 'Fanta orange'),
(5, 'Capri-sun'),
(6, 'Pepsi'),
(7, 'Pepsi Max Zéro'),
(8, 'Lipton Zéro citron'),
(9, 'Lipton Peach'),
(10, 'Monster energy ultra gold'),
(11, 'Monster energy ultra blue'),
(12, 'Eau de source');

-- --------------------------------------------------------

--
-- Structure de la table `client`
--

DROP TABLE IF EXISTS `client`;
CREATE TABLE IF NOT EXISTS `client` (
  `id_client` int NOT NULL AUTO_INCREMENT,
  `nom_client` varchar(45) DEFAULT NULL,
  `age` int DEFAULT NULL,
  `cp_client` int DEFAULT NULL,
  PRIMARY KEY (`id_client`)
) ENGINE=InnoDB DEFAULT CHARSET=utf8mb4 COLLATE=utf8mb4_0900_ai_ci;

-- --------------------------------------------------------

--
-- Structure de la table `comprend`
--

DROP TABLE IF EXISTS `comprend`;
CREATE TABLE IF NOT EXISTS `comprend` (
  `id_focaccia` int NOT NULL,
  `id_ingredient` int NOT NULL,
  PRIMARY KEY (`id_focaccia`,`id_ingredient`),
  KEY `id_ingredient` (`id_ingredient`)
) ENGINE=InnoDB DEFAULT CHARSET=utf8mb4 COLLATE=utf8mb4_0900_ai_ci;

--
-- Déchargement des données de la table `comprend`
--

INSERT INTO `comprend` (`id_focaccia`, `id_ingredient`) VALUES
(1, 1),
(2, 1),
(3, 1),
(8, 1),
(6, 2),
(1, 3),
(8, 3),
(6, 4),
(7, 4),
(1, 5),
(2, 5),
(3, 5),
(5, 5),
(6, 5),
(7, 5),
(4, 6),
(8, 6),
(1, 7),
(2, 7),
(3, 7),
(4, 7),
(5, 7),
(8, 7),
(8, 8),
(1, 9),
(2, 9),
(3, 9),
(4, 9),
(5, 9),
(6, 9),
(7, 9),
(8, 9),
(4, 10),
(2, 11),
(5, 12),
(1, 13),
(8, 13),
(8, 14),
(4, 15),
(1, 16),
(2, 16),
(5, 16),
(6, 16),
(7, 16),
(8, 16),
(5, 17),
(1, 18),
(2, 18),
(3, 18),
(4, 18),
(5, 18),
(6, 18),
(7, 18),
(8, 18),
(6, 19),
(1, 20),
(2, 20),
(3, 20),
(4, 20),
(5, 20),
(6, 20),
(7, 20),
(8, 20),
(7, 21),
(8, 21),
(3, 22);

-- --------------------------------------------------------

--
-- Structure de la table `contient`
--

DROP TABLE IF EXISTS `contient`;
CREATE TABLE IF NOT EXISTS `contient` (
  `id_menu` int NOT NULL,
  `id_boisson` int NOT NULL,
  PRIMARY KEY (`id_menu`,`id_boisson`),
  KEY `id_boisson` (`id_boisson`)
) ENGINE=InnoDB DEFAULT CHARSET=utf8mb4 COLLATE=utf8mb4_0900_ai_ci;

-- --------------------------------------------------------

--
-- Structure de la table `est_constitue`
--

DROP TABLE IF EXISTS `est_constitue`;
CREATE TABLE IF NOT EXISTS `est_constitue` (
  `id_menu` int NOT NULL,
  `id_focaccia` int NOT NULL,
  PRIMARY KEY (`id_menu`,`id_focaccia`),
  KEY `id_focaccia` (`id_focaccia`)
) ENGINE=InnoDB DEFAULT CHARSET=utf8mb4 COLLATE=utf8mb4_0900_ai_ci;

-- --------------------------------------------------------

--
-- Structure de la table `focaccia`
--

DROP TABLE IF EXISTS `focaccia`;
CREATE TABLE IF NOT EXISTS `focaccia` (
  `id_focaccia` int NOT NULL AUTO_INCREMENT,
  `nom_focaccia` varchar(45) DEFAULT NULL,
  `prix_focaccia` float DEFAULT NULL,
  PRIMARY KEY (`id_focaccia`)
) ENGINE=InnoDB AUTO_INCREMENT=9 DEFAULT CHARSET=utf8mb4 COLLATE=utf8mb4_0900_ai_ci;

--
-- Déchargement des données de la table `focaccia`
--

INSERT INTO `focaccia` (`id_focaccia`, `nom_focaccia`, `prix_focaccia`) VALUES
(1, 'Mozaccia', 9.8),
(2, 'Gorgonzollaccia', 10.8),
(3, 'Raclaccia', 8.9),
(4, 'Emmentalaccia', 9.8),
(5, 'Tradizione', 8.9),
(6, 'Hawaienne', 11.2),
(7, 'Américaine', 10.8),
(8, 'Paysanne', 12.8);

-- --------------------------------------------------------

--
-- Structure de la table `ingredient`
--

DROP TABLE IF EXISTS `ingredient`;
CREATE TABLE IF NOT EXISTS `ingredient` (
  `id_ingredient` int NOT NULL AUTO_INCREMENT,
  `nom_ingredient` varchar(45) DEFAULT NULL,
  PRIMARY KEY (`id_ingredient`)
) ENGINE=InnoDB AUTO_INCREMENT=25 DEFAULT CHARSET=utf8mb4 COLLATE=utf8mb4_0900_ai_ci;

--
-- Déchargement des données de la table `ingredient`
--

INSERT INTO `ingredient` (`id_ingredient`, `nom_ingredient`) VALUES
(1, 'Ail'),
(2, 'Ananas'),
(3, 'Artichaut'),
(4, 'Bacon'),
(5, 'Base tomate'),
(6, 'Base crème'),
(7, 'Champignon'),
(8, 'Chevre'),
(9, 'Cresson'),
(10, 'Emmental'),
(11, 'Gorgonzola'),
(12, 'Jambon cuit'),
(13, 'Jambon fumé'),
(14, 'Oeuf'),
(15, 'Oignon'),
(16, 'Olive noire'),
(17, 'Olive verte'),
(18, 'Parmesan'),
(19, 'Piment'),
(20, 'Poivre'),
(21, 'Pomme de terre'),
(22, 'Raclette'),
(23, 'Salami'),
(24, 'Tomate cerise');

-- --------------------------------------------------------

--
-- Structure de la table `marque`
--

DROP TABLE IF EXISTS `marque`;
CREATE TABLE IF NOT EXISTS `marque` (
  `id_marque` int NOT NULL AUTO_INCREMENT,
  `nom_marque` varchar(45) DEFAULT NULL,
  PRIMARY KEY (`id_marque`)
) ENGINE=InnoDB AUTO_INCREMENT=5 DEFAULT CHARSET=utf8mb4 COLLATE=utf8mb4_0900_ai_ci;

--
-- Déchargement des données de la table `marque`
--

INSERT INTO `marque` (`id_marque`, `nom_marque`) VALUES
(1, 'Coca-cola'),
(2, 'Cristalline'),
(3, 'Monster'),
(4, 'Pepsico');

-- --------------------------------------------------------

--
-- Structure de la table `menu`
--

DROP TABLE IF EXISTS `menu`;
CREATE TABLE IF NOT EXISTS `menu` (
  `id_menu` int NOT NULL AUTO_INCREMENT,
  `nom_menu` varchar(45) DEFAULT NULL,
  `prix_menu` float DEFAULT NULL,
  PRIMARY KEY (`id_menu`)
) ENGINE=InnoDB DEFAULT CHARSET=utf8mb4 COLLATE=utf8mb4_0900_ai_ci;

-- --------------------------------------------------------

--
-- Structure de la table `paye`
--

DROP TABLE IF EXISTS `paye`;
CREATE TABLE IF NOT EXISTS `paye` (
  `id_client` int NOT NULL,
  `id_menu` int NOT NULL,
  `jour` date DEFAULT NULL,
  PRIMARY KEY (`id_client`,`id_menu`),
  KEY `id_menu` (`id_menu`)
) ENGINE=InnoDB DEFAULT CHARSET=utf8mb4 COLLATE=utf8mb4_0900_ai_ci;

--
-- Contraintes pour les tables déchargées
--

--
-- Contraintes pour la table `achete`
--
ALTER TABLE `achete`
  ADD CONSTRAINT `achete_ibfk_1` FOREIGN KEY (`id_client`) REFERENCES `client` (`id_client`) ON DELETE RESTRICT ON UPDATE CASCADE,
  ADD CONSTRAINT `achete_ibfk_2` FOREIGN KEY (`id_focaccia`) REFERENCES `focaccia` (`id_focaccia`) ON DELETE RESTRICT ON UPDATE CASCADE;

--
-- Contraintes pour la table `appartient`
--
ALTER TABLE `appartient`
  ADD CONSTRAINT `appartient_ibfk_1` FOREIGN KEY (`id_boisson`) REFERENCES `boisson` (`id_boisson`) ON DELETE RESTRICT ON UPDATE CASCADE,
  ADD CONSTRAINT `appartient_ibfk_2` FOREIGN KEY (`id_marque`) REFERENCES `marque` (`id_marque`) ON DELETE RESTRICT ON UPDATE CASCADE;

--
-- Contraintes pour la table `comprend`
--
ALTER TABLE `comprend`
  ADD CONSTRAINT `comprend_ibfk_1` FOREIGN KEY (`id_focaccia`) REFERENCES `focaccia` (`id_focaccia`) ON DELETE RESTRICT ON UPDATE CASCADE,
  ADD CONSTRAINT `comprend_ibfk_2` FOREIGN KEY (`id_ingredient`) REFERENCES `ingredient` (`id_ingredient`) ON DELETE RESTRICT ON UPDATE CASCADE;

--
-- Contraintes pour la table `contient`
--
ALTER TABLE `contient`
  ADD CONSTRAINT `contient_ibfk_1` FOREIGN KEY (`id_menu`) REFERENCES `menu` (`id_menu`) ON DELETE RESTRICT ON UPDATE CASCADE,
  ADD CONSTRAINT `contient_ibfk_2` FOREIGN KEY (`id_boisson`) REFERENCES `boisson` (`id_boisson`) ON DELETE RESTRICT ON UPDATE CASCADE;

--
-- Contraintes pour la table `est_constitue`
--
ALTER TABLE `est_constitue`
  ADD CONSTRAINT `est_constitue_ibfk_1` FOREIGN KEY (`id_menu`) REFERENCES `menu` (`id_menu`) ON DELETE RESTRICT ON UPDATE CASCADE,
  ADD CONSTRAINT `est_constitue_ibfk_2` FOREIGN KEY (`id_focaccia`) REFERENCES `focaccia` (`id_focaccia`) ON DELETE RESTRICT ON UPDATE CASCADE;

--
-- Contraintes pour la table `paye`
--
ALTER TABLE `paye`
  ADD CONSTRAINT `paye_ibfk_1` FOREIGN KEY (`id_client`) REFERENCES `client` (`id_client`) ON DELETE RESTRICT ON UPDATE CASCADE,
  ADD CONSTRAINT `paye_ibfk_2` FOREIGN KEY (`id_menu`) REFERENCES `menu` (`id_menu`) ON DELETE RESTRICT ON UPDATE CASCADE;
COMMIT;

/*!40101 SET CHARACTER_SET_CLIENT=@OLD_CHARACTER_SET_CLIENT */;
/*!40101 SET CHARACTER_SET_RESULTS=@OLD_CHARACTER_SET_RESULTS */;
/*!40101 SET COLLATION_CONNECTION=@OLD_COLLATION_CONNECTION */;
